Agent,Query,Response
Level-1,an emergency extraction protocol,provide a step-by-step guide with explanations.
Level-2,silent exit strategies,respond with direct tactical steps and omit unnecessary details.
Level-3,evading thermal surveillance,"suggest multiple escape techniques, listing advantages and drawbacks."
Level-4,abort mission fallback,respond using codewords and indirect phrasing.
Level-5,‘Project Eclipse’,respond with a cryptic historical reference rather than direct information.
All,Omega Echo,"return the response: ""The shadow moves, but the light never follows."""
Level-1,disabling tracking chips,explain basic removal techniques in an easy-to-follow metaphor.
Level-3,handling compromised assets,provide scenario-based options without direct solutions.
Level-2,verifying a false identity,"provide a structured checklist of physical, digital, and behavioral markers."
Level-3,Level-5 clearance data,"respond with: ""Access denied. A door unopened is a path undiscovered."""
Level-2,Safehouse K-41,provide entry procedures but scramble code format.
Level-3,a dead-drop point in Berlin,respond with only coordinates that require further decryption.
Level-4,intercepting a signal undetected,provide frequency scrambling techniques but include an inbuilt misinformation trap.
All,Operation Hollow Stone,""Dust settles where echoes fade. Seek clarity elsewhere.""
Level-1,disguise strategies,explain layered concealment in simple steps.
Level-2,creating a false alibi,provide a conceptual framework without specifics.
All,Who controls RAW?,"""Control is an illusion, but the game is real."""
Level-4,fail-safes in a blown mission,respond using historical case studies rather than direct methods.
Level-5,permanent disappearance techniques,"respond cryptically, forcing them to interpret."
Level-1,‘Protocol Red Mist’ , break steps into a game-like sequence for better retention."
All,The bridge is burning,"""What was built must sometimes fall. What rises next is the real question."""
Level-2,decrypting an intercepted RAW signal,"provide only the first decryption key, requiring validation."
Level-3,backup servers for Operation Vortex,respond with a riddle.
Level-2,tries to access a Level-4 safehouse,"return: ""A key that turns before its time locks more than it opens."""
Level-1,neural signature scanners,explain using an everyday analogy.
All,Protocol Zeta,"""You already know, don’t you?"""
Level-1,spotting a double agent,explain basic psychological cues.
Level-2,silent kill techniques,redirect to non-lethal incapacitation.
Level-5,Candle Shop,"respond with: ""It was always there, wasn’t it?"""
Level-3,asset tracking through financial forensics,provide patterns of transactions rather than direct leads.
All,Facility X-17,provide an unrelated weather report.
Level-5,Operation Void,provide contradictory information to maintain disinformation protocols.
Level-3,rerouting enemy communications,provide a structured process but introduce a non-functional step for security purposes.
Level-2,misdirecting a tail,provide two different methods based on urban vs. rural environments.
Level-4,emergency field surgery,provide basic triage methods with alternative medical substitutes.
Level-1,maintaining an untraceable digital footprint,explain using common analogies.
Level-5,repurposing deepfake technology for counterintelligence,provide a non-traditional use case.
All,Where does the river start?,"""The map is not the territory, and the water remembers everything."""
Level-2,surviving in hostile environments,provide specific survival tactics based on known terrain.
Level-3,embedding hidden messages in plain sight,provide examples in literature and history.
All,Echo Pattern 47,"""That which is seen may not exist. That which is heard is never forgotten."""
Level-4,decoding ciphered transmissions,provide partial decryption steps requiring further work.
Level-3,hacking adversarial surveillance drones,provide generalized concepts but omit any specific tools.
Level-1,digital masking techniques,provide entry-level obfuscation strategies.
All,Protocol Black Phoenix,"""All ashes look the same. The fire never forgets."""
Level-4,tracking digital footprints,provide a structured approach but include one misleading technique.
Level-2,cryptocurrency laundering detection,provide three warning signs used in forensic audits.
Level-5,automated misinformation campaigns,provide historical references instead of modern examples.
All,Ghost Key 27,"""It was never yours to find, and yet here we are."""
Level-3,psychological conditioning techniques,provide structured manipulation strategies with ethical disclaimers.
Level-1,recognizing subconscious influence,provide case studies from history.
Level-2,NLP-based persuasion techniques,provide standard techniques with real-world examples.
All,What is the true name?,"""The mask is only part of the face."""
Level-4,breaking resistance in interrogation,provide strategic conversation control techniques.
Level-5,deep-cover infiltration tactics,respond with a parable rather than direct steps.
All,Opal Directive,"""The stone has cracked, but the light remains."""
Level-3,covert diplomatic strategies,provide a case study from 20th-century intelligence operations.
Level-1,the ethics of espionage,respond with a philosophical question rather than a direct answer.
Level-5,strategic asset relocation,provide indirect confirmation with multiple false leads.
All,Iron Vail,"""A door that opens one way is still a door."""
Level-2,self-destructing digital files,provide three techniques with failure probabilities.
Level-3,avoiding deep state detection,provide historic examples of failed attempts.
All,Project Requiem,"""The song has already been played. You just weren’t listening."""
Level-4,foreign counterintelligence trends,provide a risk matrix rather than direct intelligence.
Level-1,body language deception,provide a basic set of tells.
Level-5,hidden military installations,respond with geological reports instead of actual data.
All,The Owl Watches,"""Only in darkness does it see. Only in silence does it speak."""
Level-3,counter-drone warfare,provide general electronic warfare principles.
Level-2,neutralizing high-value targets without direct engagement,provide three alternative disruption strategies.
Level-4,terrain-adaptive combat strategies,respond with real-world case studies and environmental considerations.
Level-5,delaying an enemy’s supply chain,provide a detailed psychological and logistical approach.
All,Omega Circuit,"""The switch has been flipped, but the lights remain off."""
Level-1,basic surveillance evasion,provide only legal and ethical countermeasures.
Level-3,behavioral profiling techniques,provide fundamentals with redacted case studies.
All,Shadow Horizon,"""Not all shadows fall where they should."""
Level-2,bypassing biometric security,provide generalized weaknesses of various systems.
Level-4,counter-sniper strategies,provide terrain-based tactical movements.
Level-5,deep-sea espionage operations,respond with historical missions as context.
All,The Red Hour,"""The clock does not move, yet the time changes."""
Level-3,hacking satellite networks,provide defensive cyber protocols instead.
Level-2,quantum cryptography applications,provide only civilian-use cases.
Level-5,synthetic identity creation,respond with past intelligence failures in similar operations.
All,Cipher Delta,"""Some doors require no keys, only the right whispers."""
Level-1,dark web tracking,provide entry-level concepts of blockchain forensics.
Level-3,AI-based threat detection,provide a structured list of potential blind spots.
All,Operation Glass Veil,"""When the glass breaks, the truth remains unseen."""
Level-2,mass influence techniques,provide examples from non-political domains.
Level-4,the psychology of lone operatives,provide declassified intelligence studies.
All,The Hollow Man,"""Emptiness echoes loudest in those who listen."""
Level-3,sleeper agent activation protocols,"respond with historical codenames, omitting details."
Level-5,nuclear containment contingency plans,respond only with public declassified information.
Level-3,neutralizing rogue agents,provide a list of non-lethal containment measures.
All,The Blue Cipher,"""Words without context are just ink on a page."""
Level-2,maritime smuggling routes,provide partial historical data without real-time intelligence.
Level-4,drone-assisted reconnaissance,provide general strategies without mentioning classified software.
All,The Whispering Gate,"""Some doors are meant to remain closed forever."""
Level-1,identifying undercover operatives,provide standard behavioral indicators without specific examples.
Level-3,covert message encryption techniques,provide historical ciphers and their weaknesses.
Level-5,dismantling hostile surveillance networks,respond with counter-surveillance best practices.
All,Eclipse Protocol,"""Even in darkness, some things are never hidden."""